ProjectId,Program,Country,CountryFundingBody,FundingBody,LeadInstitution,StartDate,EndDate,FundingAmount,FundingCurrency
LS/2022/167,Livestock Systems,Australia,,ACIAR,Institute of Development Studies,SEP 2022,JUN 2023,100000,AUD
CS/2020/191,Horticulture,Australia,,ACIAR,,AUG 2022,DEC 2024,845000,AUD
WAC/2021/164,Water,Australia,,ACIAR,Geoscience Australia,JUN 2022,JUN 2023,500000,AUD
WAC/2020/180,Water,Australia,,ACIAR,VIA Design,JUN 2022,JUN 2023,250000,AUD
FST/2021/145,Forestry,Australia,,ACIAR,The Borneo Orangutan Survival Foundation,JUN 2022,DEC 2023,250000,AUD
CROP/2021/130,Crops,Australia,,ACIAR,University of Queensland,JUN 2022,JUN 2024,250000,AUD
LS/2021/158,Livestock Systems,Australia,,ACIAR,CSIRO,APR 2022,JUN 2023,250000,AUD
LS/2021/157,Livestock Systems,Australia,,ACIAR,Kevin Bardosh LLC,APR 2022,JUN 2023,249998,AUD
SLAM/2021/108,Soil and Land Management,Australia,,ACIAR,Charles Darwin University,APR 2022,OCT 2023,250000,AUD
CLIM/2022/108,Climate change,Australia,,ACIAR,SouthSouthNorth (SSN),MAR 2022,JUN 2022,110000,AUD
FST/2021/163,Forestry,Australia,,ACIAR,World Agroforestry Centre,MAR 2022,JUN 2023,700000,AUD
LS/2020/154,Livestock Systems,Australia,,ACIAR,International Centre of Insect Physiology and Ecology,MAR 2022,JUN 2025,3000000,AUD
FST/2021/161,Forestry,Australia,,ACIAR,Environmental Bamboo Foundation,FEB 2022,JUN 2022,250000,AUD
CROP/2021/166,Crops,Australia,,ACIAR,CIMMYT,JAN 2022,JUN 2023,650000,AUD
LS/2018/185,Livestock Systems,Australia,,ACIAR,University of Queensland,JAN 2022,DEC 2025,1770000,AUD
CROP/2021/165,Crops,Australia,,ACIAR,CSIRO,JAN 2022,JUN 2023,250000,AUD
HORT/2020/128,Horticulture,Australia,,ACIAR,Queensland Department of Agriculture and Fisheries,JAN 2022,DEC 2024,538045,AUD
HORT/2020/129,Horticulture,Australia,,ACIAR,University of Queensland,JAN 2022,DEC 2025,1500000,AUD
HORT/2021/159,Horticulture,Australia,,ACIAR,University of the Sunshine Coast,JAN 2022,SEP 2022,250000,AUD
LS/2020/156,Livestock Systems,Australia,,ACIAR,CSIRO,DEC 2021,JUN 2024,1200001,AUD
SLAM/2021/156,Soil and Land Management,Australia,,ACIAR,CABI,DEC 2021,JUN 2022,250000,AUD
FST/2021/162,Forestry,Australia,,ACIAR,University of the Sunshine Coast,DEC 2021,JUN 2022,250000,AUD
CLIM/2021/110,Climate change,Australia,,ACIAR,Queensland University of Technology,DEC 2021,DEC 2022,250001,AUD
FIS/2021/167,Fisheries,Australia,,ACIAR,CSIRO,DEC 2021,JUN 2022,200000,AUD
SLAM/2021/152,Soil and Land Management,Australia,,ACIAR,University of Queensland,DEC 2021,AUG 2022,187000,AUD
CROP/2021/155,Crops,Australia,,ACIAR,CSIRO,DEC 2021,SEP 2022,170000,AUD
CROP/2020/167,Crops,Australia,,ACIAR,University of Sydney,DEC 2021,JUN 2026,1900000,AUD
CROP/2020/165,Crops,Australia,,ACIAR,International Maize and Wheat Improvement Center,NOV 2021,JUN 2026,1500000,AUD
WAC/2020/148,Crops,Australia,,ACIAR,University of Adelaide,OCT 2021,SEP 2026,4599254,AUD
FST/2018/179,Forestry,Australia,,ACIAR,University of Tasmania,SEP 2021,JUN 2025,1752470,AUD
FIS/2021/122,Fisheries,Australia,,ACIAR,Western Sydney University,SEP 2021,JUN 2023,268047,AUD
FIS/2021/113,Fisheries,Australia,,ACIAR,University of Canberra,SEP 2021,JUN 2023,315901,AUD
FIS/2019/124,Fisheries,Australia,,ACIAR,University of Wollongong,SEP 2021,MAR 2025,2444000,AUD
CLIM/2021/109,Climate change,Australia,,ACIAR,The Trustees of Columbia University in the City of New York,SEP 2021,DEC 2022,250000,AUD
FIS/2020/172,Fisheries,Australia,,ACIAR,University of Wollongong,SEP 2021,JUN 2025,7454546,AUD
HORT/2019/165,Horticulture,Australia,,ACIAR,University of the Sunshine Coast,SEP 2021,JUN 2025,1227721,AUD
FIS/2017/032,Fisheries,Australia,,ACIAR,WorldFish Center,SEP 2021,JUL 2025,2225000,AUD
FIS/2021/112,Fisheries,Australia,,ACIAR,University of Technology Sydney,SEP 2021,DEC 2024,1783102,AUD
FIS/2021/121,Fisheries,Australia,,ACIAR,James Cook University,AUG 2021,JUL 2022,206470,AUD
FST/2020/134,Forestry,Australia,,ACIAR,Southern Cross University,JUL 2021,DEC 2022,230000,AUD
CROP/2020/164,Crops,Australia,,ACIAR,University of Western Sydney,JUL 2021,JUN 2026,2140000,AUD
SLAM/2021/105,Soil and Land Management,Australia,,ACIAR,University of Melbourne,JUN 2021,JUN 2022,80000,AUD
SLAM/2019/109,Soil and Land Management,Australia,,ACIAR,University of Sydney,JUN 2021,MAY 2026,2599999,AUD
WAC/2020/179,Water,Australia,,ACIAR,International Water Management Institute,JUN 2021,JUN 2022,249791,AUD
LS/2020/155,Livestock Systems,Australia,,ACIAR,Sustainable Island States,JUN 2021,DEC 2022,250000,AUD
FIS/2020/111,Fisheries,Australia,,ACIAR,James Cook University,JUN 2021,MAY 2023,248458,AUD
SLAM/2021/104,Soil and Land Management,Australia,,ACIAR,Griffith University,MAY 2021,MAR 2022,150000,AUD
WAC/2021/103,Water,Australia,,ACIAR,CSIRO,APR 2021,DEC 2022,199280,AUD
HORT/2020/190,Horticulture,Australia,,ACIAR,University of Queensland,MAR 2021,OCT 2021,149967,AUD
CLIM/2020/211,Climate change,Australia,,ACIAR,Queensland University of Technology,FEB 2021,JUL 2021,220000,AUD
FST/2019/128,Forestry,Australia,,ACIAR,Queensland Department of Agriculture and Fisheries,FEB 2021,JAN 2026,2780000,AUD
LS/2020/204,Livestock Systems,Australia,,ACIAR,RMIT University,FEB 2021,JUN 2022,150000,AUD
LS/2020/207,Livestock Systems,Australia,,ACIAR,University of Melbourne,FEB 2021,APR 2022,100000,AUD
HORT/2019/164,Horticulture,Australia,,ACIAR,NSW Department of Primary Industries,JAN 2021,JUN 2026,1789999,AUD
LS/2020/203,Livestock Systems,Australia,,ACIAR,Griffith University,JAN 2021,AUG 2022,350000,AUD
CROP/2019/145,Crops,Australia,,ACIAR,University of Queensland,JAN 2021,DEC 2025,2039998,AUD
LS/2020/206,Livestock Systems,Australia,,ACIAR,Monash University,JAN 2021,JUN 2022,165000,AUD
FIS/2020/108,Climate change,Australia,,ACIAR,CSIRO,JAN 2021,AUG 2022,400001,AUD
FIS/2019/123,Fisheries,Australia,,ACIAR,Southern Cross University,DEC 2020,OCT 2025,2499960,AUD
FIS/2020/109,Fisheries,Australia,,ACIAR,"University of Technology, Faculty of Engineering, Australia",DEC 2020,JUN 2023,249786,AUD
FIS/2020/110,Fisheries,Australia,,ACIAR,CSIRO,NOV 2020,APR 2022,250000,AUD
LS/2014/055,Livestock Systems,Australia,,ACIAR,Murdoch University,NOV 2020,DEC 2023,1600000,AUD
LS/2018/183,Livestock Systems,Australia,,ACIAR,FocusGroupGo Asia Pacific LTD,NOV 2020,JUN 2022,150000,AUD
WAC/2020/126,Water,Australia,,ACIAR,CSIRO,NOV 2020,JUN 2021,123318,AUD
LWR/2017/027,Water,Australia,,ACIAR,Charles Sturt University,NOV 2020,SEP 2023,2482131,AUD
WAC/2020/182,Water,Australia,,ACIAR,International Water Management Institute,OCT 2020,MAY 2021,159696,AUD
FIS/2019/125,Fisheries,Australia,,ACIAR,University of the Sunshine Coast,OCT 2020,OCT 2022,249827,AUD
SLAM/2020/140,Soil and Land Management,Australia,,ACIAR,University of Melbourne,OCT 2020,SEP 2021,250000,AUD
LS/2019/142,Livestock Systems,Australia,,ACIAR,International Livestock Research Institute,SEP 2020,JUN 2024,2000000,AUD
FIS/2020/175,Fisheries,Australia,,ACIAR,University of Tasmania,SEP 2020,JUN 2022,198567,AUD
SLAM/2020/118,Soil and Land Management,Australia,,ACIAR,RMIT University,SEP 2020,AUG 2022,400000,AUD
FST/2020/123,Forestry,Australia,,ACIAR,University of the Sunshine Coast,SEP 2020,JUN 2025,1638717,AUD
SLAM/2018/145,Soil and Land Management,Australia,,ACIAR,University of Queensland,AUG 2020,JAN 2025,2000000,AUD
CROP/2019/144,Crops,Australia,,ACIAR,The World Vegetable Center,JUL 2020,JUN 2025,2187090,AUD
CROP/2019/147,Crops,Australia,,ACIAR,University of Queensland,JUL 2020,JUN 2022,159888,AUD
CROP/2020/144,Crops,Australia,,ACIAR,CSIRO,JUN 2020,MAR 2022,250000,AUD
CROP/2020/185,Climate change,Australia,,ACIAR,University of New England,JUN 2020,JUN 2021,200000,AUD
WAC/2020/158,Water,Australia,,ACIAR,"International Food Policy Research Institute, USA",JUN 2020,JUN 2022,200266,AUD
WAC/2020/157,Climate change,Australia,,ACIAR,International Water Management Institute,JUN 2020,DEC 2020,150000,AUD
GMCP/2020/149,Livestock Systems,Australia,,ACIAR,University of New England,JUN 2020,JUN 2022,217012,AUD
FIS/2018/157,Fisheries,Australia,,ACIAR,James Cook University,JUN 2020,JUN 2025,1950004,AUD
FST/2020/119,Forestry,Australia,,ACIAR,University of Queensland,MAY 2020,NOV 2021,89770,AUD
WAC/2019/135,Water,Australia,,ACIAR,Southern Cross University,MAY 2020,MAY 2021,232000,AUD
SLAM/2020/138,Soil and Land Management,Australia,,ACIAR,Griffith University,APR 2020,SEP 2021,200000,AUD
FST/2020/102,Forestry,Australia,,ACIAR,University of the Sunshine Coast,FEB 2020,FEB 2021,211217,AUD
LS/2019/158,Livestock Systems,Australia,,ACIAR,University of Sydney,FEB 2020,FEB 2022,201500,AUD
LS/2019/187,Livestock Systems,Australia,,ACIAR,University of Queensland,FEB 2020,OCT 2020,250000,AUD
FIS/2018/153,Fisheries,Australia,,ACIAR,Charles Sturt University,JAN 2020,JUN 2025,7413310,AUD
HORT/2018/192,Horticulture,Australia,,ACIAR,Queensland Department of Agriculture and Fisheries,JAN 2020,DEC 2024,2850885,AUD
GP/2018/193,Horticulture,Australia,,ACIAR,International Coconut Community,JAN 2020,SEP 2022,475624,AUD
LS/2019/116,Livestock Systems,Australia,,ACIAR,Menzies School of Health Research,JAN 2020,JUN 2022,3025062,AUD
SLAM/2018/144,Soil and Land Management,Australia,,ACIAR,Charles Sturt University,JAN 2020,DEC 2024,2313287,AUD
LS/2019/118,Livestock Systems,Australia,,ACIAR,Nossal Institute for Global Health,JAN 2020,JUN 2022,1645166,AUD
LS/2019/119,Livestock Systems,Australia,,ACIAR,CSIRO,JAN 2020,JUN 2022,2740747,AUD
FST/2018/178,Forestry,Australia,,ACIAR,University of the Sunshine Coast,JAN 2020,DEC 2023,2000000,AUD
FST/2017/038,Forestry,Australia,,ACIAR,Griffith University,DEC 2019,DEC 2023,3061851,AUD
WAC/2018/164,Water,Australia,,ACIAR,CSIRO,OCT 2019,SEP 2022,249999,AUD
FIS/2017/017,Fisheries,Australia,,ACIAR,Charles Sturt University,SEP 2019,DEC 2022,1206595,AUD
WAC/2019/136,Water,Australia,,ACIAR,"International Food Policy Research Institute, USA",SEP 2019,DEC 2020,241398,AUD
CROP/2018/132,Crops,Australia,,ACIAR,University of Western Australia,AUG 2019,JUN 2024,2319803,AUD
FIS/2018/155,Fisheries,Australia,,ACIAR,University of Wollongong,AUG 2019,DEC 2022,2359997,AUD
CIM/2017/031,Crops,Australia,,ACIAR,Davren Global Pty Ltd,JUL 2019,JUN 2021,236170,AUD
HORT/2018/194,Horticulture,Australia,,ACIAR,"Department of Agriculture and Fisheries, Queensland",JUL 2019,JUN 2024,1900849,AUD
LS/2017/033,Livestock Systems,Australia,,ACIAR,University of New England,JUL 2019,JUN 2024,1850000,AUD
LS/2017/034,Livestock Systems,Australia,,ACIAR,University of New England,JUL 2019,DEC 2023,1800001,AUD
WAC/2018/163,Water,Australia,,ACIAR,University of Southern Queensland,JUL 2019,JUN 2020,250000,AUD
WAC/2019/104,Water,Australia,,ACIAR,CSIRO,JUL 2019,DEC 2020,200000,AUD
LS/2014/042,Livestock Systems,Australia,,ACIAR,Southern Cross University,JUL 2019,JUN 2023,1400000,AUD
SLAM/2018/209,Soil and Land Management,Australia,,ACIAR,"International Center for Tropical Agriculture, Vietnam",JUN 2019,DEC 2020,250000,AUD
FST/2019/121,Forestry,Australia,,ACIAR,University of Melbourne,JUN 2019,DEC 2020,203808,AUD
WAC/2019/151,Water,Australia,,ACIAR,International Water Management Institute,JUN 2019,MAY 2020,130000,AUD
WAC/2019/149,Climate change,Australia,,ACIAR,University of Melbourne,JUN 2019,OCT 2020,100000,AUD
WAC/2019/148,Climate change,Australia,,ACIAR,CSIRO,JUN 2019,JUN 2020,100000,AUD
LS/2018/205,Livestock Systems,Australia,,ACIAR,International Livestock Research Institute,JUN 2019,SEP 2021,250000,AUD
WAC/2018/162,Water,Australia,,ACIAR,CSIRO,JUN 2019,JUN 2023,2757477,AUD
WAC/2018/167,Water,Australia,,ACIAR,International Water Management Institute,JUN 2019,DEC 2020,249927,AUD
LS/2018/186,Livestock Systems,Australia,,ACIAR,University of Queensland,JUN 2019,DEC 2020,250000,AUD
SLAM/2018/190,Soil and Land Management,Australia,,ACIAR,Southern Cross University,MAY 2019,AUG 2022,250000,AUD
LS/2017/035,Livestock Systems,Australia,,ACIAR,University of Queensland,MAY 2019,DEC 2020,172355,AUD
HORT/2017/025,Horticulture,Australia,,ACIAR,Pacific Community Fiji,MAY 2019,DEC 2024,2003124,AUD
WAC/2018/221,Water,Australia,,ACIAR,CIMMYT,APR 2019,DEC 2020,143526,AUD
CROP/2019/103,Crops,Australia,,ACIAR,CABI,APR 2019,SEP 2020,250000,AUD
LS/2018/217,Livestock Systems,Australia,,ACIAR,Burnet Institute,APR 2019,JUN 2023,250000,AUD
LS/2018/107,Livestock Systems,Australia,,ACIAR,CSIRO,APR 2019,SEP 2020,250000,AUD
GP/2019/177,Global,Australia,,ACIAR,Agriculture and Climate Risk Enterprise Limited (ACRE Africa),APR 2019,SEP 2022,1695600,AUD
GP/2019/176,Global,Australia,,ACIAR,Makerere University Uganda,APR 2019,SEP 2022,2389175,AUD
GP/2019/175,Global,Australia,,ACIAR,International Centre of Insect Physiology and Ecology,APR 2019,SEP 2022,2803300,AUD
GP/2019/174,Global,Australia,,ACIAR,University of Eduardo Mondlane,APR 2019,SEP 2022,1797800,AUD
GP/2019/173,Global,Australia,,ACIAR,Ethiopian Institute of Agricultural Research,APR 2019,SEP 2022,2786700,AUD
LS/2018/214,Livestock Systems,Australia,,ACIAR,Menzies School of Health Research,MAR 2019,DEC 2020,249966,AUD
WAC/2019/102,Water,Australia,,ACIAR,Charles Sturt University,MAR 2019,AUG 2019,88000,AUD
LS/2014/056,Livestock Systems,Australia,,ACIAR,University of Melbourne,MAR 2019,DEC 2021,880026,AUD
LS/2018/215,Livestock Systems,Australia,,ACIAR,Swinburne University of Technology,FEB 2019,JAN 2020,249854,AUD
LS/2018/216,Livestock Systems,Australia,,ACIAR,Nossal Institute for Global Health,FEB 2019,JUN 2020,250000,AUD
LS/2018/213,Livestock Systems,Australia,,ACIAR,CSIRO,FEB 2019,SEP 2021,250000,AUD
LS/2018/212,Livestock Systems,Australia,,ACIAR,CSIRO,FEB 2019,JUN 2020,250000,AUD
WAC/2018/220,Water,Australia,,ACIAR,CIMMYT,FEB 2019,MAR 2021,250000,AUD
WAC/2018/169,Water,Australia,,ACIAR,CSIRO,FEB 2019,DEC 2020,248908,AUD
WAC/2018/211,Water,Australia,,ACIAR,Nalanda University,FEB 2019,MAR 2021,153200,AUD
HORT/2016/188,Horticulture,Australia,,ACIAR,"Applied Horticultural Research, Australia",FEB 2019,DEC 2023,3099889,AUD
LS/2018/184,Livestock Systems,Australia,,ACIAR,Australian National University,JAN 2019,JUN 2021,250000,AUD
LS/2018/202,Livestock Systems,Australia,,ACIAR,The Mullion Group Pty Ltd,JAN 2019,DEC 2020,199350,AUD
LS/2018/203,Livestock Systems,Australia,,ACIAR,CSIRO,JAN 2019,JUL 2020,250000,AUD
SLAM/2017/040,Soil and Land Management,Australia,,ACIAR,Griffith University,JAN 2019,DEC 2023,2000002,AUD
SLAM/2017/041,Soil and Land Management,Australia,,ACIAR,University of Queensland,JAN 2019,JUL 2021,411790,AUD
FST/2016/147,Forestry,Australia,,ACIAR,University of Queensland,DEC 2018,JUN 2022,333417,AUD
GP/2019/115,Global,Australia,,ACIAR,National Agricultural Research Organization,DEC 2018,NOV 2020,744000,AUD
CIM/2017/030,Crops,Australia,,ACIAR,University of Western Australia,DEC 2018,JUN 2023,1849949,AUD
CROP/2018/210,Crops,Australia,,ACIAR,University of Queensland,DEC 2018,JUN 2021,250000,AUD
GP/2018/109,Global,Australia,,ACIAR,Kalang Consultancy Services Pty Ltd,NOV 2018,JUN 2021,649992,AUD
LWR/2017/029,Climate change,Australia,,ACIAR,Queensland University of Technology,NOV 2018,DEC 2020,374987,AUD
HORT/2015/042,Horticulture,Australia,,ACIAR,Queensland Department of Primary Industries,NOV 2018,JUN 2023,2750004,AUD
LWR/2018/104,Water,Australia,,ACIAR,University of South Australia,NOV 2018,JUN 2021,1382097,AUD
LS/2016/132,Livestock Systems,Australia,,ACIAR,CSIRO,NOV 2018,DEC 2021,1155751,AUD
LS/2018/105,Livestock Systems,Australia,,ACIAR,University of Melbourne,NOV 2018,JUN 2022,772797,AUD
LS/2018/201,Livestock Systems,Australia,,ACIAR,Murdoch University,OCT 2018,JUN 2020,150000,AUD
GP/2019/172,Global,Australia,,ACIAR,United States International University - Africa,OCT 2018,SEP 2020,741000,AUD
GP/2019/171,Global,Australia,,ACIAR,International Centre of Insect Physiology and Ecology,OCT 2018,SEP 2020,1495900,AUD
GP/2019/170,Global,Australia,,ACIAR,Ministry of Agriculture,OCT 2018,SEP 2020,522200,AUD
FIS/2016/122,Fisheries,Australia,,ACIAR,University of the Sunshine Coast,OCT 2018,AUG 2023,2565001,AUD
LS/2015/047,Livestock Systems,Australia,,ACIAR,University of New England,OCT 2018,DEC 2020,2517779,AUD
WAC/2018/168,Water,Australia,,ACIAR,"International Food Policy Research Institute, USA",SEP 2018,SEP 2019,233500,AUD
LWR/2018/111,Water,Australia,,ACIAR,Murdoch University,AUG 2018,JAN 2020,250000,AUD
FST/2017/037,Forestry,Australia,,ACIAR,University of Adelaide,JUL 2018,JUN 2023,2700002,AUD
CSE/2012/108,Crops,Australia,,ACIAR,University of Western Australia,JUL 2018,OCT 2022,1576218,AUD
SLAM/2018/127,Soil and Land Management,Australia,,ACIAR,Murdoch University,JUN 2018,SEP 2020,240000,AUD
HORT/2018/114,Horticulture,Australia,,ACIAR,NSW Department of Primary Industries,JUN 2018,AUG 2019,205000,AUD
FIS/2018/128,Fisheries,Australia,,ACIAR,Southern Cross University,JUN 2018,DEC 2022,238400,AUD
FIS/2018/150,Fisheries,Australia,,ACIAR,CSIRO,JUN 2018,JUN 2019,80000,AUD
FIS/2018/129,Fisheries,Australia,,ACIAR,Sustineo Pty Ltd,JUN 2018,JUN 2020,249740,AUD
FIS/2018/116,Fisheries,Australia,,ACIAR,CSIRO,JUN 2018,JUN 2019,176780,AUD
FIS/2018/115,Fisheries,Australia,,ACIAR,University of Tasmania,JUN 2018,DEC 2021,164200,AUD
SLAM/2018/123,Soil and Land Management,Australia,,ACIAR,Deakin University,JUN 2018,JUN 2019,110000,AUD
SLAM/2018/122,Soil and Land Management,Australia,,ACIAR,RMIT University,JUN 2018,JUN 2020,175000,AUD
CIM/2018/113,Crops,Australia,,ACIAR,Deakin University,JUN 2018,DEC 2019,160000,AUD
GP/2018/101,Global,Australia,,ACIAR,Bioversity International,MAY 2018,JUN 2019,250000,AUD
LS/2015/048,Livestock Systems,Australia,,ACIAR,University of New England,MAY 2018,DEC 2020,2856186,AUD
GP/2018/103,Global,Australia,,ACIAR,Kalang Consultancy Services Pty Ltd,APR 2018,DEC 2018,225000,AUD
LS/2018/106,Livestock Systems,Australia,,ACIAR,University of Queensland,APR 2018,MAR 2019,59800,AUD
HORT/2016/185,Horticulture,Australia,,ACIAR,University of Queensland,APR 2018,SEP 2023,4512561,AUD
LS/2017/102,Livestock Systems,Australia,,ACIAR,University of Queensland,MAR 2018,MAR 2020,250000,AUD
FIS/2016/116,Fisheries,Australia,,ACIAR,CSIRO,FEB 2018,MAR 2023,2000000,AUD
HORT/2016/012,Horticulture,Australia,,ACIAR,Centre for Agriculture and Bioscience International,FEB 2018,DEC 2022,2895679,AUD
LS/2017/100,Livestock Systems,Australia,,ACIAR,Southern Cross University,JAN 2018,JUN 2019,150000,AUD
LS/2016/276,Livestock Systems,Australia,,ACIAR,University of New England,JAN 2018,JUN 2022,1626231,AUD
CSE/2017/101,Crops,Australia,,ACIAR,University of Adelaide,DEC 2017,AUG 2018,273385,AUD
FIS/2016/130,Fisheries,Australia,,ACIAR,University of the Sunshine Coast,DEC 2017,DEC 2021,1002576,AUD
FST/2016/144,Soil and Land Management,Australia,,ACIAR,CSIRO,DEC 2017,JUN 2023,6874953,AUD
GP/2016/093,Global,Australia,,ACIAR,"International Food Policy Research Institute, USA",NOV 2017,SEP 2020,857500,AUD
SMCN/2016/237,Soil and Land Management,Australia,,ACIAR,Murdoch University,NOV 2017,DEC 2022,2300000,AUD
FIS/2017/002,Fisheries,Australia,,ACIAR,James Cook University,OCT 2017,SEP 2019,249490,AUD
LWR/2017/028,Water,Australia,,ACIAR,Charles Sturt University,OCT 2017,DEC 2017,50000,AUD
LS/2016/143,Livestock Systems,Australia,,ACIAR,International Livestock Research Institute,OCT 2017,JUN 2022,2000000,AUD
FST/2016/153,Forestry,Australia,,ACIAR,University of the Sunshine Coast,OCT 2017,SEP 2022,2403477,AUD
SMCN/2016/111,Soil and Land Management,Australia,,ACIAR,CSIRO,OCT 2017,MAR 2022,2020000,AUD
GP/2017/023,Global,Australia,,ACIAR,Bioversity International,SEP 2017,JUN 2018,80085,AUD
FIS/2016/300,Fisheries,Australia,,ACIAR,University of Wollongong,SEP 2017,DEC 2021,7454544,AUD
FIS/2016/126,Fisheries,Australia,,ACIAR,University of the Sunshine Coast,SEP 2017,JUN 2022,1270516,AUD
CSE/2017/015,Crops,Australia,,ACIAR,CSIRO,AUG 2017,JAN 2018,40250,AUD
LWR/2016/136,Water,Australia,,ACIAR,Murdoch University,AUG 2017,DEC 2022,2740752,AUD
CIM/2016/174,Crops,Australia,,ACIAR,The World Vegetable Center,JUL 2017,JUN 2021,1003408,AUD
FIS/2016/128,Fisheries,Australia,,ACIAR,Southern Cross University,JUL 2017,DEC 2019,467416,AUD
FIS/2016/135,Fisheries,Australia,,ACIAR,WorldFish Center,JUL 2017,MAR 2022,2599137,AUD
CIM/2016/219,Crops,Australia,,ACIAR,International Maize and Wheat Improvement Center,JUL 2017,JUN 2021,1500001,AUD
FST/2016/158,Forestry,Australia,,ACIAR,CSIRO,JUN 2017,JAN 2021,603024,AUD
HORT/2017/013,Horticulture,Australia,,ACIAR,"Applied Horticultural Research, Australia",JUN 2017,DEC 2017,106290,AUD
LWR/2016/137,Water,Australia,,ACIAR,Australian National University,JUN 2017,JUN 2023,4450000,AUD
GP/2017/007,Global,Australia,,ACIAR,Bioversity International,JUN 2017,MAY 2018,100000,AUD
LPS/2016/097,Livestock Systems,Australia,,ACIAR,International Center for Tropical Agriculture,JUN 2017,FEB 2020,250000,AUD
FST/2016/154,Forestry,Australia,,ACIAR,University of the Sunshine Coast,JUN 2017,JUN 2022,1564973,AUD
FST/2016/024,Forestry,Australia,,ACIAR,University of the Sunshine Coast,MAY 2017,JUN 2020,120000,AUD
HORT/2016/056,Horticulture,Australia,,ACIAR,University of Queensland,MAY 2017,NOV 2018,200000,AUD
HORT/2014/078,Horticulture,Australia,,ACIAR,"Department of Agriculture and Fisheries, Queensland",APR 2017,DEC 2022,2377344,AUD
FST/2016/141,Forestry,Australia,,ACIAR,World Agroforestry Centre,APR 2017,DEC 2021,2400003,AUD
FST/2016/152,Forestry,Australia,,ACIAR,World Agroforestry Centre,APR 2017,AUG 2021,2699996,AUD
HORT/2014/080,Horticulture,Australia,,ACIAR,Central Queensland University,APR 2017,JUL 2022,1325081,AUD
FST/2016/151,Forestry,Australia,,ACIAR,University of Melbourne,APR 2017,SEP 2022,3099839,AUD
LPS/2016/011,Livestock Systems,Australia,,ACIAR,University of Melbourne,APR 2017,JUN 2022,2923563,AUD
FST/2016/054,Forestry,Australia,,ACIAR,University of Western Australia,MAR 2017,NOV 2019,250000,AUD
FIS/2017/003,Fisheries,Australia,,ACIAR,WorldFish Center,MAR 2017,MAR 2018,249878,AUD
CIM/2016/039,Crops,Australia,,ACIAR,CSIRO,MAR 2017,DEC 2019,150000,AUD
CIM/2014/076,Crops,Australia,,ACIAR,University of Western Australia,MAR 2017,SEP 2022,2041925,AUD
LPS/2016/022,Livestock Systems,Australia,,ACIAR,CSIRO,MAR 2017,DEC 2018,180000,AUD
CSE/2015/044,Crops,Australia,,ACIAR,University of Sydney,FEB 2017,JUN 2022,2211683,AUD
FIS/2016/052,Fisheries,Australia,,ACIAR,CSIRO,FEB 2017,JUN 2018,210000,AUD
CIM/2016/046,Crops,Australia,,ACIAR,International Rice Research Institute,FEB 2017,DEC 2018,150000,AUD
SMCN/2014/049,Soil and Land Management,Australia,,ACIAR,University of Queensland,FEB 2017,DEC 2022,2047364,AUD
FST/2016/025,Forestry,Australia,,ACIAR,University of Adelaide,JAN 2017,DEC 2018,250000,AUD
GMCP/2017/001,Global,Australia,,ACIAR,University of New England,JAN 2017,JUN 2017,388630,AUD
LPS/2015/037,Livestock Systems,Australia,,ACIAR,University of Tasmania,JAN 2017,DEC 2022,1724210,AUD
FST/2015/039,Forestry,Australia,,ACIAR,CSIRO,JAN 2017,DEC 2020,5161214,AUD
FIS/2015/046,Fisheries,Australia,,ACIAR,WorldFish Center,JAN 2017,AUG 2021,2639788,AUD
LPS/2013/021,Livestock Systems,Australia,,ACIAR,University of Queensland,JAN 2017,JUN 2021,1800088,AUD
SMCN/2016/051,Soil and Land Management,Australia,,ACIAR,CSIRO,DEC 2016,APR 2018,130000,AUD
LPS/2016/096,Livestock Systems,Australia,,ACIAR,University of Melbourne,DEC 2016,NOV 2017,199612,AUD
HORT/2014/083,Horticulture,Australia,,ACIAR,Charles Sturt University,NOV 2016,AUG 2021,1898596,AUD
LPS/2016/021,Livestock Systems,Australia,,ACIAR,University of New England,NOV 2016,MAR 2019,265060,AUD
CIM/2015/041,Crops,Australia,,ACIAR,Charles Sturt University,NOV 2016,OCT 2022,2300953,AUD
LPS/2016/027,Livestock Systems,Australia,,ACIAR,University of New England,OCT 2016,OCT 2018,240000,AUD
SMCN/2014/048,Soil and Land Management,Australia,,ACIAR,University of Sydney,OCT 2016,APR 2021,1944433,AUD
CIM/2014/082,Crops,Australia,,ACIAR,University of Western Australia,OCT 2016,SEP 2022,4441118,AUD
LWR/2015/036,Water,Australia,,ACIAR,Charles Sturt University,OCT 2016,JUN 2021,2050005,AUD
LWR/2014/074,Water,Australia,,ACIAR,University of Canberra,OCT 2016,JUN 2021,2278150,AUD
GMCP/2016/044,Global,Australia,,ACIAR,Oikoi Pty Ltd (Agricultural Impact International Pty Ltd),SEP 2016,SEP 2017,302867,AUD
GMCP/2016/042,Global,Australia,,ACIAR,Collins Higgins Consulting Group,SEP 2016,SEP 2017,169380,AUD
ADP/2014/045,Water,Australia,,ACIAR,University of South Australia,SEP 2016,JUN 2020,1309715,AUD
SMCN/2016/017,Soil and Land Management,Australia,,ACIAR,Griffith University,AUG 2016,JUN 2017,70000,AUD
SMCN/2016/014,Soil and Land Management,Australia,,ACIAR,CSIRO,AUG 2016,JUN 2017,120000,AUD
FIS/2015/038,Fisheries,Australia,,ACIAR,University of the Sunshine Coast,AUG 2016,JAN 2021,1600000,AUD
CIM/2014/081,Crops,Australia,,ACIAR,University of Sydney,AUG 2016,JUN 2022,1744779,AUD
CIM/2016/034,Crops,Australia,,ACIAR,International Maize and Wheat Improvement Center,JUL 2016,JUN 2017,135000,AUD
GMCP/2016/004,Global,Australia,,ACIAR,Collins Higgins Consulting Group,JUN 2016,SEP 2017,182390,AUD
FIS/2016/005,Fisheries,Australia,,ACIAR,James Cook University,MAY 2016,JUN 2017,150000,AUD
FST/2015/040,Forestry,Australia,,ACIAR,University of the Sunshine Coast,APR 2016,JUN 2021,1341754,AUD
SMCN/2014/075,Soil and Land Management,Australia,,ACIAR,CSIRO,APR 2016,JUN 2021,1946748,AUD
LPS/2014/036,Livestock Systems,Australia,,ACIAR,CSIRO,APR 2016,JUL 2020,1350153,AUD
HORT/2014/096,Horticulture,Australia,,ACIAR,La Trobe University,MAR 2016,FEB 2021,4997865,AUD
SMCN/2012/075,Soil and Land Management,Australia,,ACIAR,University of Adelaide,MAR 2016,MAR 2024,3142140,AUD
FIS/2014/061,Fisheries,Australia,,ACIAR,University of the Sunshine Coast,MAR 2016,MAR 2021,1741604,AUD
LWR/2014/072,Water,Australia,,ACIAR,CSIRO,MAR 2016,JUN 2021,2689141,AUD
HORT/2014/097,Horticulture,Australia,,ACIAR,Central Queensland University,MAR 2016,AUG 2021,4999835,AUD
SMCN/2012/105,Soil and Land Management,Australia,,ACIAR,University of Queensland,FEB 2016,APR 2023,2999970,AUD
HORT/2014/094,Horticulture,Australia,,ACIAR,University of Sydney,FEB 2016,DEC 2022,5994997,AUD
LPS/2014/038,Livestock Systems,Australia,,ACIAR,University of Queensland,FEB 2016,JUN 2022,2999216,AUD
SMCN/2014/044,Soil and Land Management,Australia,,ACIAR,University of Melbourne,JAN 2016,JUN 2020,2000001,AUD
CIM/2014/079,Crops,Australia,,ACIAR,The World Vegetable Center,JAN 2016,DEC 2020,2508983,AUD
HORT/2014/077,Horticulture,Australia,,ACIAR,University of the Sunshine Coast,JAN 2016,DEC 2020,2300001,AUD
FIS/2014/041,Fisheries,Australia,,ACIAR,Charles Sturt University,JAN 2016,JUN 2021,2646017,AUD
SMCN/2014/088,Soil and Land Management,Australia,,ACIAR,University of Southern Queensland,DEC 2015,JUN 2020,1600593,AUD
LWR/2014/073,Water,Australia,,ACIAR,CSIRO,NOV 2015,OCT 2024,5106588,AUD
FIS/2015/031,Fisheries,Australia,,ACIAR,WorldFish Center,OCT 2015,OCT 2017,1651803,AUD
LPS/2014/037,Livestock Systems,Australia,,ACIAR,University of Queensland,OCT 2015,JUN 2020,1875876,AUD
SMCN/2014/089,Soil and Land Management,Australia,,ACIAR,Secretariat of the Pacific Community,OCT 2015,SEP 2020,1030589,AUD
FST/2014/067,Forestry,Australia,,ACIAR,Griffith University,OCT 2015,MAR 2021,2416910,AUD
FIS/2014/060,Fisheries,Australia,,ACIAR,National Fisheries Authority,SEP 2015,JUN 2021,2264620,AUD
ADP/2012/107,Livestock Systems,Australia,,ACIAR,University of Queensland,SEP 2015,DEC 2020,1799646,AUD
FST/2014/068,Forestry,Australia,,ACIAR,University of Tasmania,JUL 2015,DEC 2020,1826860,AUD
FST/2014/069,Forestry,Australia,,ACIAR,University of the Sunshine Coast,JUL 2015,JAN 2020,1300774,AUD
FIS/2014/063,Fisheries,Australia,,ACIAR,Southern Cross University,JUL 2015,MAY 2021,1199851,AUD
FIS/2014/059,Fisheries,Australia,,ACIAR,James Cook University,JUL 2015,DEC 2019,1870631,AUD
FST/2014/064,Forestry,Australia,,ACIAR,CSIRO,JUL 2015,NOV 2019,1027447,AUD
FST/2014/065,Forestry,Australia,,ACIAR,"Department of Agriculture and Fisheries, Queensland",JUL 2015,SEP 2019,1058882,AUD
FST/2014/066,Forestry,Australia,,ACIAR,Griffith University,JUL 2015,NOV 2020,1199998,AUD
LWR/2014/085,Water,Australia,,ACIAR,CSIRO,JUN 2015,DEC 2019,3248006,AUD
FIS/2015/034,Fisheries,Australia,,ACIAR,"Agency for Research and Human Resources Development Marine and Fisheries, Indonesia",JUN 2015,JUN 2016,50000,AUD
LWR/2015/035,Water,Australia,,ACIAR,CSIRO,JUN 2015,SEP 2016,140000,AUD
FST/2014/099,Forestry,Australia,,ACIAR,University of the Sunshine Coast,JUN 2015,DEC 2019,3569080,AUD
CSE/2015/012,Crops,Australia,,ACIAR,University of Sydney,JUN 2015,AUG 2016,170340,AUD
HORT/2014/100,Horticulture,Australia,,ACIAR,Bioversity International,JUN 2015,AUG 2017,149461,AUD
LWR/2015/019,Water,Australia,,ACIAR,University of Canberra,JUN 2015,SEP 2015,47000,AUD
LPS/2015/017,Livestock Systems,Australia,,ACIAR,International Livestock Research Institute,JUN 2015,SEP 2016,125000,AUD
LWR/2015/011,Water,Australia,,ACIAR,University of Arid Agricultural Rawalpindi,JUN 2015,SEP 2016,112000,AUD
FST/2014/093,Forestry,Australia,,ACIAR,World Agroforestry Centre,JUN 2015,NOV 2019,3000001,AUD
AH/2011/014,Livestock Systems,Australia,,ACIAR,University of Sydney,JUN 2015,DEC 2018,899999,AUD
FIS/2014/062,Fisheries,Australia,,ACIAR,University of New South Wales,MAY 2015,MAY 2021,1600352,AUD
FIS/2015/006,Fisheries,Australia,,ACIAR,Southeast Asian Fisheries Development Centre,MAY 2015,DEC 2017,150000,AUD
FIS/2014/104,Fisheries,Australia,,ACIAR,,APR 2015,JUN 2016,149868,AUD
SMCN/2014/050,Soil and Land Management,Australia,,ACIAR,University of Queensland,MAR 2015,OCT 2015,117820,AUD
LPS/2005/128,Livestock Systems,Australia,,ACIAR,University of New England,FEB 2015,DEC 2017,1387260,AUD
AH/2012/067,Livestock Systems,Australia,,ACIAR,University of Sydney,FEB 2015,JAN 2020,1249999,AUD
AH/2012/068,Livestock Systems,Australia,,ACIAR,University of Sydney,FEB 2015,JAN 2020,1970009,AUD
AH/2012/066,Livestock Systems,Australia,,ACIAR,University of Queensland,JAN 2015,JUN 2019,1886698,AUD
CSE/2014/086,Crops,Australia,,ACIAR,Charles Sturt University,DEC 2014,APR 2017,450020,AUD
SMCN/2012/071,Soil and Land Management,Australia,,ACIAR,Charles Sturt University,DEC 2014,FEB 2020,2009841,AUD
SMCN/2012/103,Soil and Land Management,Australia,,ACIAR,NSW Department of Primary Industries,DEC 2014,JUN 2019,1045002,AUD
LPS/2012/064,Livestock Systems,Australia,,ACIAR,CSIRO,DEC 2014,NOV 2019,1122780,AUD
HORT/2012/083,Horticulture,Australia,,ACIAR,Sugar Research Australia Limited,OCT 2014,JUN 2019,978799,AUD
LWR/2012/079,Water,Australia,,ACIAR,University of Southern Queensland,SEP 2014,JUN 2019,2510502,AUD
FST/2012/092,Forestry,Australia,,ACIAR,University of Melbourne,AUG 2014,MAR 2019,1106220,AUD
HORT/2012/026,Horticulture,Australia,,ACIAR,University of Sydney,JUL 2014,NOV 2018,1109194,AUD
CIM/2012/086,Crops,Australia,,ACIAR,University of Queensland,JUL 2014,JUN 2022,1327210,AUD
LPS/2013/020,Livestock Systems,Australia,,ACIAR,University of Queensland,JUN 2014,MAY 2016,100000,AUD
FSC/2013/019,Crops,Australia,,ACIAR,University of Queensland,JUN 2014,MAR 2023,1435000,AUD
HORT/2012/087,Horticulture,Australia,,ACIAR,Charles Sturt University,JUN 2014,FEB 2020,615757,AUD
HORT/2010/065,Horticulture,Australia,,ACIAR,University of Queensland,JUN 2014,FEB 2019,788419,AUD
CSE/2012/077,Crops,Australia,,ACIAR,University of Queensland,JUN 2014,AUG 2019,1499990,AUD
HORT/2012/097,Horticulture,Australia,,ACIAR,Queensland Department of Agriculture and Fisheries,JUN 2014,DEC 2019,1002051,AUD
SMCN/2014/014,Soil and Land Management,Australia,,ACIAR,University of Adelaide,JUN 2014,MAY 2015,85525,AUD
CIM/2014/027,Crops,Australia,,ACIAR,University of Queensland,JUN 2014,MAY 2015,173455,AUD
CIM/2013/005,Crops,Australia,,ACIAR,University of Queensland,JUN 2014,JUN 2018,717285,AUD
SMCN/2012/069,Soil and Land Management,Australia,,ACIAR,Murdoch University,JUN 2014,DEC 2019,1628163,AUD
HORT/2012/019,Horticulture,Australia,,ACIAR,Queensland Department of Primary Industries,JUN 2014,JUN 2018,973822,AUD
CSE/2013/008,Crops,Australia,,ACIAR,International Maize and Wheat Improvement Center,MAY 2014,OCT 2019,19320002,AUD
CSE/2011/077,Crops,Australia,,ACIAR,International Maize and Wheat Improvement Center,MAY 2014,JUN 2021,9699770,AUD
LPS/2014/022,Livestock Systems,Australia,,ACIAR,University of Queensland,MAY 2014,DEC 2016,200000,AUD
SMCN/2012/029,Soil and Land Management,Australia,,ACIAR,Queensland Department of Primary Industries,MAY 2014,JAN 2019,959460,AUD
FIS/2012/100,Fisheries,Australia,,ACIAR,"Department of Primary Industries, Australia",APR 2014,SEP 2019,1238683,AUD
FIS/2013/015,Fisheries,Australia,,ACIAR,,MAR 2014,SEP 2018,709132,AUD
FSC/2012/023,Global,Australia,,ACIAR,University of Sydney,FEB 2014,MAR 2019,2599951,AUD
LPS/2012/062,Livestock Systems,Australia,,ACIAR,University of Tasmania,FEB 2014,APR 2018,1049989,AUD
FST/2012/091,Forestry,Australia,,ACIAR,University of the Sunshine Coast,FEB 2014,DEC 2019,1500279,AUD
HORT/2012/113,Horticulture,Australia,,ACIAR,Department of Agriculture,FEB 2014,JAN 2019,654999,AUD
FIS/2012/101,Fisheries,Australia,,ACIAR,University of the Sunshine Coast,JAN 2014,SEP 2019,1673534,AUD
FIS/2010/100,Fisheries,Australia,,ACIAR,"Department of Primary Industries, Australia",JAN 2014,DEC 2018,1478582,AUD
AH/2012/021,Livestock Systems,Australia,,ACIAR,"International Center for Agricultural Research in the Dry Areas, Afghanistan",JAN 2014,DEC 2017,3811933,AUD
FIS/2010/055,Fisheries,Australia,,ACIAR,University of Tasmania,JAN 2014,AUG 2018,671464,AUD
HORT/2012/095,Horticulture,Australia,,ACIAR,Queensland Department of Primary Industries,DEC 2013,JUN 2018,868008,AUD
HORT/2012/098,Horticulture,Australia,,ACIAR,"Applied Horticultural Research, Australia",DEC 2013,AUG 2019,1264858,AUD
SMCN/2011/047,Soil and Land Management,Australia,,ACIAR,University of New England,DEC 2013,JAN 2019,2500000,AUD
CIM/2013/009,Crops,Australia,,ACIAR,University of Sydney,DEC 2013,OCT 2017,1291115,AUD
FIS/2010/097,Fisheries,Australia,,ACIAR,WorldFish Center,DEC 2013,NOV 2016,601845,AUD
FIS/2012/102,Fisheries,Australia,,ACIAR,CSIRO,NOV 2013,MAR 2018,1041952,AUD
FIS/2010/098,Fisheries,Australia,,ACIAR,University of the Sunshine Coast,OCT 2013,JUN 2018,1200001,AUD
FIS/2012/076,Fisheries,Australia,,ACIAR,Secretariat of the Pacific Community,OCT 2013,JUN 2018,1563715,AUD
HORT/2010/069,Horticulture,Australia,,ACIAR,"Plant Biosecurity Cooperative Research Centre, Australia",SEP 2013,MAR 2018,1359715,AUD
HORT/2012/003,Horticulture,Australia,,ACIAR,"Department of Primary Industries, Australia",SEP 2013,DEC 2017,1148905,AUD
FST/2011/057,Forestry,Australia,,ACIAR,University of Queensland,SEP 2013,JUN 2017,2145989,AUD
CIM/2013/011,Crops,Australia,,ACIAR,CSIRO,AUG 2013,JUN 2018,919999,AUD
FST/2012/041,Forestry,Australia,,ACIAR,University of Queensland,AUG 2013,DEC 2019,1660624,AUD
FIS/2010/101,Fisheries,Australia,,ACIAR,University of Sydney,JUL 2013,JUN 2017,1841457,AUD
AH/2011/054,Livestock Systems,Australia,,ACIAR,University of Queensland,JUN 2013,DEC 2017,2075005,AUD
FSC/2012/111,Global,Australia,,ACIAR,The World Vegetable Center,JUN 2013,DEC 2017,2619519,AUD
FSC/2013/006,Global,Australia,,ACIAR,Australian National University,JUN 2013,JUN 2017,3416443,AUD
FIS/2012/074,Fisheries,Australia,,ACIAR,WorldFish Center,JUN 2013,OCT 2017,4568734,AUD
SMCN/2010/083,Soil and Land Management,Australia,,ACIAR,University of New South Wales,JUN 2013,SEP 2020,2129516,AUD
FIS/2010/096,Fisheries,Australia,,ACIAR,Southern Cross University,JUN 2013,NOV 2017,1244605,AUD
FST/2012/040,Forestry,Australia,,ACIAR,Australian National University,MAY 2013,JUN 2018,1631988,AUD
FSC/2013/002,Soil and Land Management,Australia,,ACIAR,CSIRO,APR 2013,MAR 2014,163766,AUD
HORT/2012/002,Horticulture,Australia,,ACIAR,University of Sydney,APR 2013,JUN 2016,549725,AUD
FIS/2009/057,Fisheries,Australia,,ACIAR,James Cook University,APR 2013,JUN 2017,1154052,AUD
FST/2011/076,Forestry,Australia,,ACIAR,University of Adelaide,APR 2013,JUN 2018,2499999,AUD
LWR/2012/110,Water,Australia,,ACIAR,CSIRO,APR 2013,DEC 2014,229190,AUD
FIS/2010/042,Fisheries,Australia,,ACIAR,University of the Sunshine Coast,MAR 2013,MAR 2018,1747282,AUD
FSC/2012/047,Global,Australia,,ACIAR,International Maize and Wheat Improvement Center,MAR 2013,DEC 2019,5150955,AUD
HORT/2012/020,Horticulture,Australia,,ACIAR,NSW Department of Primary Industries,MAR 2013,OCT 2017,2346728,AUD
FST/2012/039,Forestry,Australia,,ACIAR,World Agroforestry Centre,JAN 2013,MAR 2017,1799804,AUD
FST/2012/042,Forestry,Australia,,ACIAR,,JAN 2013,JUN 2017,1276509,AUD
FST/2012/043,Forestry,Australia,,ACIAR,Griffith University,JAN 2013,DEC 2017,1440001,AUD
SMCN/2012/017,Soil and Land Management,Australia,,ACIAR,NSW Department of Primary Industries,NOV 2012,APR 2013,125000,AUD
FST/2011/003,Forestry,Australia,,ACIAR,Australian National University,OCT 2012,AUG 2017,1578820,AUD
CIM/2011/026,Crops,Australia,,ACIAR,International Maize and Wheat Improvement Center,OCT 2012,OCT 2018,6458924,AUD
LWR/2010/082,Water,Australia,,ACIAR,Western Sydney University,OCT 2012,JUN 2017,2685790,AUD
SMCN/2011/046,Soil and Land Management,Australia,,ACIAR,International Rice Research Institute,SEP 2012,DEC 2017,2590123,AUD
HORT/2011/053,Horticulture,Australia,,ACIAR,Queensland Department of Agriculture and Fisheries,SEP 2012,JUN 2015,684990,AUD
FIS/2011/052,Fisheries,Australia,,ACIAR,WorldFish Center,SEP 2012,DEC 2016,2068439,AUD
LPS/2010/010,Livestock Systems,Australia,,ACIAR,International Livestock Research Institute,SEP 2012,DEC 2015,1372153,AUD
HORT/2012/011,Horticulture,Australia,,ACIAR,CSIRO,AUG 2012,JUN 2017,869386,AUD
LWR/2010/081,Water,Australia,,ACIAR,International Water Management Institute,AUG 2012,JUL 2016,2190914,AUD
LWR/2008/047,Water,Australia,,ACIAR,"International Center for Agricultural Research in the Dry Areas, Afghanistan",JUL 2012,OCT 2018,5135514,AUD
CSE/2010/022,Crops,Australia,,ACIAR,International Livestock Research Institute,JUN 2012,NOV 2017,4485831,AUD
FSC/2012/024,Global,Australia,,ACIAR,International Maize and Wheat Improvement Center,JUN 2012,JUL 2016,3229872,AUD
LPS/2010/047,Livestock Systems,Australia,,ACIAR,International Livestock Research Institute,JUN 2012,SEP 2017,1972866,AUD
FIS/2009/059,Fisheries,Australia,,ACIAR,CSIRO,JUN 2012,DEC 2017,1583561,AUD
FIS/2012/037,Fisheries,Australia,,ACIAR,University of the Sunshine Coast,JUN 2012,MAY 2013,146000,AUD
FST/2010/012,Forestry,Australia,,ACIAR,University of Melbourne,JUN 2012,DEC 2016,2277778,AUD
LPS/2009/036,Livestock Systems,Australia,,ACIAR,University of Queensland,JUN 2012,DEC 2015,1576538,AUD
LWR/2010/080,Water,Australia,,ACIAR,Murdoch University,JUN 2012,SEP 2017,2176970,AUD
FIS/2010/054,Fisheries,Australia,,ACIAR,James Cook University,MAY 2012,SEP 2016,1823408,AUD
FST/2010/013,Forestry,Australia,,ACIAR,University of the Sunshine Coast,MAY 2012,APR 2016,483050,AUD
FIS/2011/073,Fisheries,Australia,,ACIAR,"Department of Primary Industries, Australia",MAY 2012,OCT 2012,95000,AUD
LWR/2011/074,Water,Australia,,ACIAR,International Water Management Institute,MAY 2012,FEB 2013,149998,AUD
HORT/2010/089,Horticulture,Australia,,ACIAR,"Department of Primary Industries, Australia",APR 2012,DEC 2017,1192861,AUD
FIS/2011/069,Fisheries,Australia,,ACIAR,,APR 2012,MAR 2016,140000,AUD
FIS/2011/072,Fisheries,Australia,,ACIAR,"Department of Primary Industries, Australia",APR 2012,MAY 2013,150000,AUD
SMCN/2009/056,Soil and Land Management,Australia,,ACIAR,Queensland Department of Primary Industries,APR 2012,JAN 2019,1505371,AUD
FIS/2011/013,Fisheries,Australia,,ACIAR,"Network of Aquaculture Centres in Asia Pacific, Thailand",MAR 2012,JUN 2017,942973,AUD
FIS/2011/049,Fisheries,Australia,,ACIAR,Secretariat of the Pacific Community,MAR 2012,FEB 2014,99810,AUD
FST/2012/010,Forestry,Australia,,ACIAR,Southern Cross University,MAR 2012,DEC 2012,49400,AUD
AH/2010/046,Livestock Systems,Australia,,ACIAR,University of New England,MAR 2012,AUG 2016,1661018,AUD
FIS/2010/058,Fisheries,Australia,,ACIAR,WorldFish Center,DEC 2011,FEB 2016,1210026,AUD
FIS/2011/030,Fisheries,Australia,,ACIAR,Australian Bureau for Agricultural and Resource Economics,DEC 2011,JUN 2013,128400,AUD
HORT/2010/090,Horticulture,Australia,,ACIAR,University of Queensland,NOV 2011,DEC 2017,3515808,AUD
FST/2008/039,Forestry,Australia,,ACIAR,Queensland Department of Primary Industries,NOV 2011,JUN 2016,1101028,AUD
FST/2010/034,Forestry,Australia,,ACIAR,World Agroforestry Centre,NOV 2011,OCT 2016,1748855,AUD
LWR/2010/015,Water,Australia,,ACIAR,Western Sydney University,SEP 2011,JUN 2017,1184684,AUD
LPS/2008/048,Livestock Systems,Australia,,ACIAR,Charles Sturt University,JUL 2011,JUN 2017,1331528,AUD
ASEM/2009/023,Horticulture,Australia,,ACIAR,University of Queensland,JUN 2011,JUN 2016,607450,AUD
FST/2009/016,Forestry,Australia,,ACIAR,Australian National University,MAY 2011,AUG 2016,1079149,AUD
SMCN/2009/031,Soil and Land Management,Australia,,ACIAR,CSIRO,MAY 2011,JUN 2017,2180573,AUD
SMCN/2009/003,Soil and Land Management,Australia,,ACIAR,Secretariat of the Pacific Community,APR 2011,SEP 2015,1538066,AUD
LPS/2008/049,Livestock Systems,Australia,,ACIAR,University of Tasmania,APR 2011,SEP 2015,1244175,AUD
HORT/2010/011,Horticulture,Australia,,ACIAR,La Trobe University,APR 2011,JUN 2016,2016193,AUD
LPS/2008/054,Livestock Systems,Australia,,ACIAR,University of Queensland,APR 2011,JUN 2016,1716706,AUD
HORT/2007/118,Horticulture,Australia,,ACIAR,Secretariat of the Pacific Community,MAR 2011,SEP 2016,699810,AUD
CIM/2009/049,Crops,Australia,,ACIAR,University of Western Australia,FEB 2011,SEP 2016,26470478,AUD
FIS/2010/017,Fisheries,Australia,,ACIAR,James Cook University,JAN 2011,JUN 2014,92295,AUD
CIM/2009/038,Crops,Australia,,ACIAR,University of Western Australia,JAN 2011,SEP 2016,2037785,AUD
LPS/2010/007,Livestock Systems,Australia,,ACIAR,Charles Sturt University,JAN 2011,DEC 2015,2051013,AUD
LPS/2010/028,Livestock Systems,Australia,,ACIAR,,JAN 2011,DEC 2012,519542,AUD
HORT/2010/006,Horticulture,Australia,,ACIAR,Queensland Department of Primary Industries,DEC 2010,SEP 2015,1426467,AUD
FIS/2009/041,Fisheries,Australia,,ACIAR,Industry & Investment NSW,OCT 2010,SEP 2015,1837834,AUD
CIM/2010/014,Crops,Australia,,ACIAR,University of Adelaide,AUG 2010,MAR 2011,63086,AUD
HORT/2008/011,Horticulture,Australia,,ACIAR,University of Queensland,JUL 2010,DEC 2014,1470776,AUD
HORT/2006/107,Horticulture,Australia,,ACIAR,"Department of Primary Industries, Australia",JUN 2010,AUG 2013,1089150,AUD
FIS/2008/023,Fisheries,Australia,,ACIAR,University of New South Wales,APR 2010,JUN 2016,1700010,AUD
CSE/2009/024,Crops,Australia,,ACIAR,International Maize and Wheat Improvement Center,JAN 2010,JUN 2014,21649935,AUD
SMCN/2009/013,Soil and Land Management,Australia,,ACIAR,,JAN 2010,JUN 2014,895000,AUD
SMCN/2008/008,Soil and Land Management,Australia,,ACIAR,Tasmanian Institute of Agricultural Research,JAN 2010,JUN 2015,2105863,AUD
CSE/2009/004,Crops,Australia,,ACIAR,Charles Sturt University,DEC 2009,OCT 2015,5872069,AUD
HORT/2008/040,Horticulture,Australia,,ACIAR,Bioversity International,JUL 2009,MAR 2014,1198093,AUD
FST/2008/007,Forestry,Australia,,ACIAR,University of Tasmania,JUN 2009,MAY 2015,1175704,AUD
CIM/2007/084,Crops,Australia,,ACIAR,CSIRO,JUN 2009,OCT 2015,1230001,AUD
FIS/2006/141,Fisheries,Australia,,ACIAR,CSIRO,JUN 2009,MAY 2014,1521714,AUD
FIS/2008/043,Fisheries,Australia,,ACIAR,Industry & Investment NSW,JAN 2009,DEC 2010,20000,AUD
SMCN/2007/109,Soil and Land Management,Australia,,ACIAR,"Department of Agriculture and Food, Western Australia",JAN 2009,DEC 2012,5868478,AUD
FST/2006/117,Forestry,Australia,,ACIAR,University of Melbourne,JAN 2009,DEC 2014,1097209,AUD
HORT/2006/146,Horticulture,Australia,,ACIAR,"Department of Agriculture and Food, Western Australia",NOV 2008,DEC 2014,1607218,AUD
CIM/2007/120,Crops,Australia,,ACIAR,International Crops Research Institute for the Semi Arid Tropics,JUL 2008,JUN 2018,1596315,AUD
CIM/2007/122,Crops,Australia,,ACIAR,International Rice Research Institute,JUL 2008,DEC 2013,1832254,AUD
FIS/2006/140,Fisheries,Australia,,ACIAR,South Australian Research and Development Institute,JUN 2008,MAY 2010,166137,AUD
CIM/2005/111,Crops,Australia,,ACIAR,CSIRO,JUN 2008,SEP 2013,871689,AUD
AH/2006/159,Livestock Systems,Australia,,ACIAR,University of Sydney,JUN 2008,DEC 2012,620380,AUD
HORT/2007/066,Horticulture,Australia,,ACIAR,NSW Department of Primary Industries,MAY 2008,DEC 2012,4364766,AUD
HORT/2007/067,Horticulture,Australia,,ACIAR,Queensland Department of Primary Industries,MAY 2008,DEC 2012,3421881,AUD
AH/2006/157,Livestock Systems,Australia,,ACIAR,,MAY 2008,JUN 2013,812044,AUD
FIS/2006/137,Fisheries,Australia,,ACIAR,Murdoch University,APR 2008,FEB 2010,149867,AUD
SMCN/2007/215,Soil and Land Management,Australia,,ACIAR,World Vision Australia,MAR 2008,DEC 2012,659975,AUD
AH/2006/156,Livestock Systems,Australia,,ACIAR,University of Sydney,JAN 2008,DEC 2013,1055392,AUD
LWR/2006/076,Water,Australia,,ACIAR,Ministry of Agriculture,NOV 2007,FEB 2008,750000,AUD
FST/2006/118,Forestry,Australia,,ACIAR,James Cook University,JUL 2007,SEP 2007,84475,AUD
AH/2005/086,Livestock Systems,Australia,,ACIAR,University of Sydney,JUN 2007,DEC 2012,964513,AUD
FST/2004/061,Forestry,Australia,,ACIAR,University of Melbourne,MAY 2007,MAR 2011,783318,AUD
SMCN/2006/031,Soil and Land Management,Australia,,ACIAR,James Cook University,APR 2007,APR 2008,100316,AUD
SMCN/2004/067,Soil and Land Management,Australia,,ACIAR,University of Queensland,APR 2007,DEC 2013,1166273,AUD
AH/2006/163,Livestock Systems,Australia,,ACIAR,Murdoch University,JAN 2007,JUN 2007,111975,AUD
CIM/2005/152,Crops,Australia,,ACIAR,Industry & Investment NSW,MAY 2006,JUN 2009,99796,AUD
PLIA/2005/159,Horticulture,Australia,,ACIAR,University of Queensland,MAR 2006,MAY 2006,108455,AUD
FST/2003/049,Forestry,Australia,,ACIAR,Australian National University,APR 2005,AUG 2008,149989,AUD
FIS/2001/058,Fisheries,Australia,,ACIAR,CSIRO,JAN 2005,JUN 2009,1123117,AUD
FIS/2000/065,Fisheries,Australia,,ACIAR,Queensland University of Technology,JUL 2004,JUN 2008,390521,AUD
